name	Bcoccoides	Csporogenes	Prussellii	mates_count	reads_count
ERR12268000	293223	25355	28580	24685298	49370596
ERR12268027	18312	11727	9785	7592476	15184952
ERR12268029	25154	9041	8202	7105433	14210866
ERR12268032	24359	8255	7518	6109173	12218346
ERR12268034	24778	10777	7532	8461679	16923358
ERR12268037	14048	7863	6389	7328120	14656240
ERR12268040	31715	16315	14351	11756247	23512494
ERR12268044	66658	14261	11417	10274758	20549516
ERR12268050	76755	17284	11305	11392912	22785824
ERR12268053	26641	15044	10771	11314864	22629728
ERR12268056	46344	12061	9501	9491908	18983816
ERR12268058	45477	12609	9103	10375553	20751106
ERR12268104	63693	13490	10373	9995924	19991848
ERR12268148	45360	20500	14243	9747789	19495578
ERR12268152	43961	16335	12576	7921302	15842604
ERR12268173	37535	15083	10097	10060111	20120222
ERR12268298	27555	13620	8589	9191861	18383722
ERR12268310	67740	14270	10817	12696328	25392656
ERR12268318	30765	15730	9431	9104967	18209934
ERR12268323	29915	14251	12054	7832541	15665082
ERR12268325	33804	12778	9831	9054910	18109820
ERR12268690	16049	10476	8417	9078408	18156816
ERR12302069	26891	10042	9496	7004039	14008078
ERR12302187	54964	12240	20836	10516984	21033968
ERR12302188	291615	45817	43128	11077819	22155638
ERR12302190	306239	53709	43043	9923863	19847726
ERR12302192	189910	12930	23048	9306930	18613860
ERR12302193	62572	20044	16450	12157333	24314666
ERR12302194	66805	13659	11584	10971876	21943752
ERR12302196	47004	16923	14817	9071629	18143258
ERR12302197	28107	10659	7967	7854276	15708552
ERR12302198	127450	19910	16273	9862343	19724686
ERR12302201	94364	7125	9879	9817900	19635800
ERR12302203	96846	19467	16620	9244276	18488552
ERR12302205	224986	12678	53484	10543613	21087226
ERR12304080	108272	14000	48526	7983244	15966488
ERR12304086	134030	10312	10360	10366692	20733384
ERR12304091	35245	13734	13882	10972906	21945812
ERR12304098	29730	7337	7586	10236623	20473246
ERR12304102	77504	22748	23033	11223394	22446788
ERR12304108	202764	24507	34666	29908607	59817214
ERR12304114	182798	31227	30701	30357309	60714618
ERR12304120	50477	26755	25030	25642146	51284292
ERR12304125	57275	40344	29292	35419572	70839144
ERR12304133	326705	33771	41002	38813055	77626110
ERR12304139	178924	29883	25475	30006364	60012728
ERR12304147	344414	58805	69513	34040942	68081884
ERR12304159	530047	52139	54781	53168702	106337404
ERR12304167	315170	37455	49319	34373390	68746780
ERR12304176	249837	44691	35653	36361799	72723598
ERR12304185	307830	32455	41680	40298527	80597054
ERR12304190	563084	40876	48207	25386021	50772042
ERR12304196	288055	30900	48604	29643634	59287268
ERR12304200	284086	69078	75489	29457606	58915212
ERR12304201	211564	25521	27794	23852490	47704980
ERR12304203	329487	29421	39096	25926914	51853828
ERR12304207	652775	60849	217691	31997361	63994722
ERR12304208	355346	29663	35391	30836689	61673378
ERR12304210	355154	60612	69128	25396092	50792184
ERR12304212	370686	29314	34100	27152160	54304320
ERR12304213	298846	13102	11013	26120580	52241160
ERR12304216	676495	24762	43889	30386282	60772564
ERR12304218	333035	33700	46973	29648497	59296994
ERR12304219	314005	27132	30280	27509477	55018954
ERR12304221	330075	216843	353099	29577013	59154026
ERR12304223	373006	38967	39403	29167472	58334944
ERR12304226	359516	31169	43099	24803395	49606790
ERR12304229	240018	34236	39084	25420256	50840512
ERR12304231	325334	31566	32579	30911634	61823268
ERR12304233	523704	28308	35582	31428407	62856814
ERR12304234	82424	71482	81015	38472841	76945682
ERR12304236	175547	37821	52525	28157290	56314580
ERR12304238	1018916	30079	80716	30003927	60007854
ERR12304241	190483	97526	79479	29283477	58566954
ERR12304243	217416	52707	71016	34653489	69306978
ERR12304246	130466	29513	29830	30880761	61761522
ERR12304249	512011	123174	65935	34385742	68771484
ERR12304252	43947	19235	13295	21767429	43534858
ERR12304255	367825	50012	66267	31307466	62614932
ERR12304258	69226	126503	85327	32654223	65308446
ERR12304262	229167	33121	45350	33273887	66547774
ERR12304265	156684	40400	53408	32762363	65524726
ERR12304272	597	126	382	1754396	3508792
ERR12304275	8947	2367	3467	6531585	13063170
ERR12304280	149932	65216	66814	77127704	154255408
ERR12304284	11896	3940	4420	7770594	15541188
ERR12304287	76945	87007	50147	35796527	71593054
ERR12304292	551618	56652	82570	53461870	106923740
ERR12304296	399954	29991	76850	57852192	115704384
ERR12304300	517276	34583	52636	54303634	108607268
ERR12304305	295	128	242	541065	1082130
ERR12304312	14226	8640	7215	17675597	35351194
ERR12304321	6310	2942	2956	3980628	7961256
ERR12304324	7814	7339	4370	6325239	12650478
ERR12304328	398381	63156	58775	72358413	144716826
ERR12304332	237771	86510	82431	76427771	152855542
ERR12304334	609312	90531	59145	70145088	140290176
ERR12304336	182892	21840	35517	14021342	28042684
ERR12304337	24319	8598	10856	14154731	28309462
ERR12304339	32256	26871	22794	26864310	53728620
ERR12304341	4658	1368	2306	1474601	2949202
ERR12304342	71053	31174	29226	14862057	29724114
ERR12304343	95176	6130	8418	6190317	12380634
ERR12304345	54044	8826	8772	8074896	16149792
ERR12304346	32014	32575	14331	9581294	19162588
ERR12304348	189502	42348	48197	24224527	48449054
ERR12304349	62539	8842	8703	8481244	16962488
ERR12304350	1690	1222	1655	1591754	3183508
ERR12304351	139363	23242	16953	8104485	16208970
ERR12304353	97434	11664	20897	13974013	27948026
ERR12304354	85866	8526	16461	9828214	19656428
ERR12304355	9433	8819	1698	1673091	3346182
ERR12304358	326334	28274	56313	30475783	60951566
ERR12304359	204328	34688	52040	28535239	57070478
ERR12304361	220002	33255	35833	27950051	55900102
ERR12304363	223916	28871	24616	23891559	47783118
ERR12304364	7692	4521	6414	3233723	6467446
ERR12304365	25612	2768	2732	2217963	4435926
ERR12304366	151607	14463	23589	22087273	44174546
ERR12304369	172466	13915	21026	29446157	58892314
ERR12304371	200432	32703	31887	28397688	56795376
ERR12304372	1969	237	266	360654	721308
ERR12304373	3389	892	1147	777164	1554328
ERR12304375	78278	38410	112589	23555186	47110372
ERR12304376	126491	40479	56594	23818061	47636122
ERR12304378	114251	61023	74425	30560056	61120112
ERR12304381	748117	37807	55682	46177210	92354420
ERR12304382	24426	5786	9184	5035653	10071306
ERR12304383	29500	13465	9697	4948707	9897414
ERR12304386	507544	77726	134679	36249701	72499402
ERR12304387	57221	17107	19896	12721542	25443084
ERR12304388	3304	584	603	651500	1303000
ERR12304390	710430	90499	85119	34255485	68510970
ERR12304393	164184	39026	57816	40099633	80199266
ERR12304395	184581	344724	395229	34015014	68030028
ERR12304397	121869	23244	21142	33553270	67106540
ERR12304398	51613	2423	3292	2635559	5271118
ERR12304400	37179	41505	21570	31631829	63263658
ERR12304403	55602	15371	29381	19176226	38352452
SRR5650021	69063	6699	4685	11985013	23970026
SRR5650022	44518	7584	5906	10427791	20855582
SRR5650023	55232	7864	6608	12070799	24141598
SRR5650024	71554	11072	8620	14681213	29362426
SRR5650025	57233	9929	8138	14332262	28664524
SRR5650026	39048	2180	2036	4612388	9224776
SRR5650027	184966	8733	11519	14121533	28243066
SRR5650028	135559	9270	8154	16069865	32139730
SRR5650029	112775	12680	9022	15390956	30781912
SRR5650030	70877	7669	5705	9109475	18218950
SRR5650031	68024	5406	4904	9288727	18577454
SRR5650032	187142	14765	14138	21349350	42698700
SRR5650033	155399	9991	11263	17524866	35049732
SRR5650034	306961	31629	32959	49761602	99523204
SRR5650035	433332	34337	35484	50396962	100793924
SRR5650036	30414	4934	4570	10150556	20301112
SRR5650037	111865	12208	10202	17408253	34816506
SRR5650038	495174	44608	31390	57215754	114431508
SRR5650039	128537	8103	6964	15431559	30863118
SRR5650040	492016	48207	39935	54436038	108872076
SRR5650041	395493	40911	34955	54340645	108681290
SRR5650042	82398	6898	6166	8295235	16590470
SRR5650043	62298	6971	6092	7925013	15850026
SRR5650044	86890	6647	5403	7297840	14595680
SRR5650045	66566	10216	8147	11712192	23424384
SRR5650046	297	14	29	33030	66060
SRR5650047	52621	8263	6141	11351771	22703542
SRR5650048	81929	10446	7887	14909259	29818518
SRR5650049	29209	3760	2731	5049410	10098820
SRR5650050	58756	8635	6293	11571903	23143806
SRR5650051	36477	4664	3350	5702751	11405502
SRR5650052	96520	14544	11197	14744376	29488752
SRR5650053	44504	6850	5670	10165780	20331560
SRR5650054	63588	11858	8577	15870578	31741156
SRR5650055	132659	5380	8005	8989242	17978484
SRR5650056	150099	4470	7084	9344796	18689592
SRR5650057	77731	7951	9393	15614362	31228724
SRR5650058	99374	9975	11058	17778154	35556308
SRR5650059	95735	9479	10773	16424446	32848892
SRR5650060	138311	4763	5520	7932468	15864936
SRR5650061	375397	23396	23090	44904056	89808112
SRR5650062	401702	23501	23241	46867475	93734950
SRR5650063	468686	37868	39736	53731766	107463532
SRR5650064	79049	7562	9047	9438284	18876568
SRR5650065	325122	12343	13859	19540838	39081676
SRR5650066	31710	1494	1348	1768581	3537162
SRR5650067	50741	2907	3269	2826219	5652438
SRR5650068	248178	13437	11652	16326424	32652848
SRR5650069	155973	4807	7239	10069701	20139402
SRR5650070	1371524	18909	29238	22459255	44918510
SRR5650071	91354	9571	9280	15730619	31461238
SRR5650072	157590	5825	6745	8005963	16011926
SRR5650073	246104	21674	17049	30125923	60251846
SRR5650074	462666	35934	26525	44820821	89641642
SRR5650075	80721	7874	6148	14732957	29465914
SRR5650076	77982	4182	3969	8658727	17317454
SRR5650077	122614	9644	8132	19292401	38584802
SRR5650078	152456	8205	7115	18771110	37542220
SRR5650079	112779	8767	7303	16645085	33290170
SRR5650080	358196	8202	12021	19524619	39049238
SRR5650081	263255	4445	7033	7838031	15676062
SRR5650082	63775	5777	5252	7691800	15383600
SRR5650083	117686	4421	4470	8049300	16098600
SRR5650084	140436	4435	4553	7980681	15961362
SRR5650085	141013	8695	9302	18476576	36953152
SRR5650086	164936	12809	9863	19572872	39145744
SRR5650087	186855	13997	11553	20022144	40044288
SRR5650088	107659	12553	9203	15556958	31113916
SRR5650089	170547	13710	11280	18493473	36986946
SRR5650090	135466	13193	11269	18092076	36184152
SRR5650091	147557	13430	10906	17065075	34130150
SRR5650092	126511	11156	8080	15601135	31202270
SRR5650093	266621	32197	27054	53356254	106712508
SRR5650094	100561	8221	6452	13088019	26176038
SRR5650095	8161	439	402	565976	1131952
SRR5650096	135331	9614	8598	16166358	32332716
SRR5650097	74764	7084	5316	9227431	18454862
SRR5650098	126832	13875	11806	16511848	33023696
SRR5650099	186556	13223	13140	20146192	40292384
SRR5650100	206981	14254	12958	18702346	37404692
SRR5650101	160914	11620	9966	16410478	32820956
SRR5650102	95426	9969	7982	10873414	21746828
SRR5650103	131110	17084	11831	22432123	44864246
SRR5650104	412732	37003	25177	41603843	83207686
SRR5650105	130330	15774	11882	18847688	37695376
SRR5650106	78199	13292	12950	17438922	34877844
SRR5650107	92964	15726	15351	18108802	36217604
SRR5650108	85947	9564	11213	7846914	15693828
SRR5650109	46175	11520	9934	6617778	13235556
SRR5650110	249363	51701	45537	51901245	103802490
SRR5650111	31150	6195	5794	7809250	15618500
SRR5650112	27481	2835	2429	4072480	8144960
SRR5650113	114864	11576	12561	19637291	39274582
SRR5650114	41370	6418	5768	5508896	11017792
SRR5650115	267690	19586	24782	19342758	38685516
SRR5650116	4194	600	427	1133363	2266726
SRR5650117	64245	4781	4274	10863298	21726596
SRR5650118	713256	25678	22632	12978172	25956344
SRR5650119	274414	13505	17670	16105438	32210876
SRR5650120	285954	6384	11137	12864223	25728446
SRR5650121	199930	2827	5006	6880905	13761810
SRR5650122	62674	2949	2600	5039838	10079676
SRR5650123	150134	4967	7886	8054077	16108154
SRR5650124	111445	2993	4478	7151651	14303302
SRR5650125	1634172	15334	15567	13928770	27857540
SRR5650126	67823	4807	5662	4999704	9999408
SRR5650127	45916	3749	2875	6059958	12119916
SRR5650128	50427	9337	7585	13924989	27849978
SRR5650129	114092	9389	7705	18072199	36144398
SRR5650130	16517	2248	1817	4804191	9608382
SRR5650131	13672	1388	1196	2391438	4782876
SRR5650132	248148	35079	28853	55679380	111358760
SRR5650133	225224	34573	27687	50133030	100266060
SRR5650134	79686	6940	5967	9349502	18699004
SRR5650135	17030	4097	2998	5002898	10005796
SRR5650136	64264	9309	7794	15269831	30539662
SRR5650137	76458	5216	4392	7721385	15442770
SRR5650138	94400	10492	8825	10470023	20940046
SRR5650139	121224	14567	8232	12282196	24564392
SRR5650140	149204	13731	19333	14990757	29981514
SRR5650141	101484	13559	10031	19921374	39842748
SRR5650142	102985	11303	8751	13462212	26924424
SRR5650143	452081	33648	37723	58845104	117690208
SRR5650144	71300	4687	3961	7477970	14955940
SRR5650145	74462	6147	5073	9877423	19754846
SRR5650146	55370	7887	5686	10638363	21276726
SRR5650147	111570	11178	12171	16050130	32100260
SRR5650148	62422	11329	10520	15037142	30074284
SRR5650149	52621	8337	7845	11778292	23556584
SRR5650150	55256	7921	9499	18303806	36607612
SRR5650151	48985	8196	6094	10903415	21806830
SRR5650152	63733	11162	8278	14379313	28758626
SRR5650153	33101	4564	3842	6587675	13175350
SRR5650154	19333	2935	2504	4799539	9599078
SRR5650155	37326	5974	5147	6037475	12074950
SRR5650156	102360	16112	13679	19371841	38743682
SRR5650157	100952	10059	14012	13264792	26529584
SRR5650158	104159	10983	12221	20340464	40680928
SRR5650159	109170	16455	14606	17982014	35964028
SRR5650160	83115	19566	18061	15613750	31227500
SRR5650161	427919	38457	30405	48307762	96615524
SRR5650162	274871	39518	31295	51991819	103983638
SRR5650163	421688	42431	46464	58798492	117596984
SRR5650164	89977	12062	14019	17365447	34730894
SRR5650165	88751	6988	5992	10468906	20937812
SRR5650166	20018	1900	1397	2493357	4986714
SRR5650167	23748	2486	2507	3689254	7378508
SRR5650168	71956	6626	6142	13025229	26050458
SRR5650169	42	9	1	7827	15654
SRR5650171	191379	8735	15664	19711738	39423476
SRR5650172	136103	9212	11753	16585400	33170800
SRR5650173	139105	11419	15078	18428036	36856072
SRR5650174	145536	11921	14962	22421987	44843974
SRR5650175	74741	9300	10154	16765119	33530238
SRR5650176	36675	2793	2180	3950960	7901920
SRR5650177	12846	6639	12699	2689199	5378398
SRR5650178	440638	28352	25043	44339038	88678076
SRR5650179	243148	26254	21239	49275317	98550634
SRR5650180	383381	39420	29676	58755078	117510156
SRR5650181	68033	10655	9125	15573266	31146532
SRR5650182	112976	18053	13396	28882145	57764290
SRR5650183	69826	8648	9400	10949982	21899964
SRR5650184	139605	12905	15846	17314744	34629488
SRR5650185	67790	6619	6141	10386736	20773472
SRR5650186	53085	4445	3686	6368542	12737084
SRR5650187	38593	4932	4762	8112016	16224032
SRR5650188	66054	5141	4069	6970383	13940766
SRR5650189	71846	6413	5383	8303271	16606542
SRR5650190	85029	10472	7836	14763052	29526104
SRR5935740	27633	6139	3917	10136651	20273302
SRR5935741	42471	6741	7970	15877233	31754466
SRR5935744	72171	15508	10244	14801686	29603372
SRR5935745	12942	4678	3287	10204487	20408974
SRR5935746	18365	3615	3707	10667416	21334832
SRR5935750	47447	8863	4595	6223096	12446192
SRR5935751	30844	7063	5202	17952854	35905708
SRR5935753	29392	8284	5343	13696934	27393868
SRR5935754	31428	7292	4294	10041231	20082462
SRR5935755	13239	4024	2561	5759187	11518374
SRR5935761	15755	6054	7866	13732793	27465586
SRR5935762	46138	11420	7782	17596703	35193406
SRR5935766	17489	6067	4086	13683903	27367806
SRR5935767	14963	2638	2226	4959219	9918438
SRR5935768	76976	11763	7719	15128361	30256722
SRR5935769	32148	6750	4601	10873560	21747120
SRR5935770	51206	9289	5769	15687867	31375734
SRR5935773	19202	8443	7367	19781455	39562910
SRR5935774	72777	13428	10785	11686655	23373310
SRR5935775	17350	5247	3377	12498341	24996682
SRR5935777	48333	9363	5269	7717009	15434018
SRR5935778	15625	4809	3759	10128727	20257454
SRR5935781	14759	3000	2466	8253365	16506730
SRR5935785	39413	10231	6363	13274207	26548414
SRR5935786	35651	7228	3763	9728347	19456694
SRR5935787	43460	7949	4840	15832620	31665240
SRR5935788	21577	6457	3940	10617452	21234904
SRR5935790	39101	4245	3863	8877047	17754094
SRR5935791	6634	3590	2462	9856045	19712090
SRR5935792	33515	4142	3013	10975087	21950174
SRR5935796	58677	7925	5567	14371895	28743790
SRR5935798	70408	10455	9436	19262084	38524168
SRR5935800	133726	12985	9813	14452523	28905046
SRR5935801	86558	6725	6885	12742118	25484236
SRR5935802	66232	7653	4407	16108271	32216542
SRR5935803	42762	13161	6854	17762953	35525906
SRR5935807	40914	11389	6851	15962416	31924832
SRR5935812	17218	3573	3592	8803971	17607942
SRR5935814	17227	3077	2264	4880469	9760938
SRR5935816	19799	5117	5114	11852820	23705640
SRR5935818	60916	5365	5743	8593738	17187476
SRR5935822	16645	5722	3846	12802404	25604808
SRR5935825	39527	9014	7890	11036178	22072356
SRR5935826	9422	2837	2153	8407906	16815812
SRR5935827	17613	6082	8325	15677354	31354708
SRR5935832	88730	4612	4096	6560568	13121136
SRR5935833	22762	7168	4903	12325901	24651802
SRR5935834	50408	11784	6343	12131018	24262036
SRR5935836	55688	7711	4491	7011647	14023294
SRR5935840	134737	13960	8769	14031950	28063900
SRR5935842	37050	5267	3969	13466786	26933572
SRR5935845	45615	6562	4528	12152695	24305390
SRR5935849	85122	8432	7054	17293641	34587282
SRR5935852	19609	4094	2805	6939350	13878700
SRR5935853	22028	6426	3106	10721330	21442660
SRR5935854	22576	9244	4352	9639825	19279650
SRR5935855	47357	8508	5711	15483446	30966892
SRR5935857	25582	5114	6814	11806656	23613312
SRR5935858	16928	3791	3122	10816708	21633416
SRR5935859	42129	9530	6826	15216357	30432714
SRR5935860	34650	4404	3610	10638188	21276376
SRR5935861	23708	9122	4643	11924553	23849106
SRR5935863	9136	4602	3102	11810464	23620928
SRR5935864	23050	3717	2311	6762906	13525812
SRR5935866	83734	12268	7810	12583644	25167288
SRR5935867	25126	7602	4413	10182476	20364952
SRR5935869	18990	6715	4190	14040973	28081946
SRR5935870	21867	4407	3365	13032384	26064768
SRR5935871	8937	6747	4785	12664311	25328622
SRR5935872	18804	7236	4982	17076258	34152516
SRR5935873	24890	5324	3224	12375118	24750236
SRR5935875	16055	10594	7129	18399711	36799422
SRR5935876	23967	7312	4410	15260446	30520892
SRR5935878	127616	9731	9020	11834063	23668126
SRR5935880	70049	9373	5454	11350106	22700212
SRR5935881	36420	5367	4389	12505925	25011850
SRR5935882	35460	5404	4076	12871301	25742602
SRR5935883	51428	9854	5749	14730187	29460374
SRR5935884	22374	9194	4969	11309679	22619358
SRR5935885	54225	6646	4506	11171334	22342668
SRR5935886	32439	11688	6689	16369578	32739156
SRR5935887	40872	4967	5236	8655204	17310408
SRR5935891	10087	6373	4660	14156118	28312236
SRR5935895	22857	6262	4116	10186976	20373952
SRR5935898	27781	5469	3156	4885158	9770316
SRR5935901	15118	4832	10423	12793522	25587044
SRR5935904	33019	5270	3724	14892677	29785354
SRR5935906	12596	2668	4647	9377596	18755192
SRR5935908	10112	3703	2630	8953510	17907020
SRR5935909	48463	9960	5370	11455419	22910838
SRR5935911	37746	8701	5821	15987546	31975092
SRR5935912	7843	3246	3218	7738466	15476932
SRR5935914	27475	8043	5360	12009783	24019566
SRR5935915	16149	5168	4337	9316311	18632622
SRR5935916	20601	6483	4695	15928013	31856026
SRR5935917	29775	3755	3175	6539729	13079458
SRR5935921	27771	4237	2686	6972294	13944588
SRR5935922	86192	5465	8107	10084505	20169010
SRR5935923	76187	7737	6663	12637426	25274852
SRR5935924	10270	3559	2746	9886701	19773402
SRR5935925	44884	11441	7904	13818334	27636668
SRR5935926	26047	10655	5462	13210231	26420462
SRR5935927	12100	3416	3803	7151165	14302330
SRR5935930	32045	7990	4270	8848269	17696538
SRR5935931	19557	3029	2347	8549635	17099270
SRR5935932	28529	4918	4107	12284816	24569632
SRR5935933	17046	3791	3184	9258123	18516246
SRR5935934	68089	6464	5818	9389816	18779632
SRR5935935	22404	4972	3555	6790770	13581540
SRR5935936	50067	13000	6196	7872766	15745532
SRR5935944	57157	7958	6283	12439392	24878784
SRR5935945	21156	4797	3777	13444112	26888224
SRR5935946	50117	8367	5608	12847142	25694284
SRR5935947	24874	9079	5492	13119792	26239584
SRR5935949	25751	5757	3671	10583867	21167734
SRR5935950	40158	6840	6522	12636810	25273620
SRR5935951	78814	18017	8646	11416382	22832764
SRR5935952	50231	15743	10670	13471007	26942014
SRR5935953	15202	4570	6381	12482513	24965026
SRR5935954	89699	8638	6874	8669104	17338208
SRR5935955	38639	6523	2808	5158544	10317088
SRR5935957	30034	8913	6398	14873301	29746602
SRR5935964	138288	13956	10795	13818449	27636898
SRR5935965	38634	7955	5399	9283051	18566102
SRR5935970	39957	12972	6641	12616178	25232356
SRR5935971	25249	6064	5816	11326584	22653168
SRR5935972	98881	5061	4402	8636093	17272186
SRR5935975	32428	6908	5637	11263965	22527930
SRR5935979	7033	3563	2175	9695678	19391356
SRR5935980	22893	5731	4322	11783183	23566366
SRR5935982	19591	2393	2142	5821206	11642412
SRR5935983	33133	11215	6508	15697015	31394030
SRR5935984	22690	6503	5031	12471039	24942078
SRR5935985	11517	5055	6972	14144224	28288448
SRR5935986	12951	9589	5584	15718190	31436380
SRR5935987	32556	5819	3660	8944915	17889830
SRR5935990	19596	6324	4242	17227241	34454482
SRR5935995	26655	6743	4462	13462154	26924308
SRR5935996	32880	4731	3612	13058194	26116388
SRR5935997	9537	7254	4810	11570466	23140932
SRR5935999	24759	4544	3763	9494653	18989306
SRR5936001	31040	10320	6883	17922477	35844954
SRR5936004	17103	4854	2886	8109642	16219284
SRR5936005	24056	4426	3350	10139817	20279634
SRR5936006	21323	6026	3959	18283795	36567590
SRR5936007	39434	7291	6076	13251878	26503756
SRR5936009	13816	4040	2881	11563811	23127622
SRR5936010	23946	6051	3592	11538037	23076074
SRR5936011	16463	4330	2837	7070134	14140268
SRR5936014	33266	6189	5345	12551367	25102734
SRR5936016	123992	5068	5525	11538576	23077152
SRR5936017	54430	12797	5890	9090979	18181958
SRR5936018	9293	2845	2759	6013906	12027812
SRR5936019	17278	5453	3713	11372667	22745334
SRR5936020	46580	8377	5733	12883461	25766922
SRR5936021	10104	5201	3282	6014033	12028066
SRR5936022	99424	7437	4819	10468962	20937924
SRR5936023	30166	7925	4909	14504678	29009356
SRR5936024	70090	7236	6376	15620035	31240070
SRR5936029	16740	4130	2720	11592045	23184090
SRR5936030	28667	3901	2869	14377071	28754142
SRR5936033	14315	7368	5071	14752793	29505586
SRR5936034	18935	4872	3598	11880291	23760582
SRR5936036	9989	6028	4418	13308177	26616354
SRR5936037	36864	7255	5664	13979540	27959080
SRR5936038	153367	9959	8907	12756723	25513446
SRR5936040	21561	5072	4325	11160970	22321940
SRR5936044	4424	4837	3045	11720028	23440056
SRR5936047	13826	4318	3164	10913398	21826796
SRR5936049	28241	11797	7152	17226941	34453882
SRR5936052	10356	4392	3483	13605280	27210560
SRR5936056	19180	6689	4393	13519241	27038482
SRR5936060	9965	5604	4387	13193489	26386978
SRR5936064	21487	4072	2470	5115000	10230000
SRR5936066	70245	8141	5297	13646085	27292170
SRR5936067	29968	9315	6205	12462812	24925624
SRR5936068	14651	4781	2933	7202991	14405982
SRR5936071	8295	7819	5162	15110104	30220208
SRR5936077	15711	7841	5521	14348094	28696188
SRR5936080	12195	3510	2785	10717357	21434714
SRR5936081	13789	4210	5589	11346872	22693744
SRR5936084	23422	4310	2676	9318408	18636816
SRR5936085	13949	8538	5390	14420512	28841024
SRR5936086	46419	9674	4903	11494483	22988966
SRR5936088	12799	3810	3142	8685453	17370906
SRR5936091	75635	18179	7523	12785331	25570662
SRR5936092	66096	9970	6056	10640155	21280310
SRR5936094	34906	9494	6296	11168377	22336754
SRR5936097	43036	8395	5408	12908935	25817870
SRR5936098	28743	9963	6658	20282933	40565866
SRR5936101	111038	11357	7590	13368326	26736652
SRR5936102	22053	4419	2430	5609890	11219780
SRR5936103	52690	13269	5665	8733560	17467120
SRR5936104	22984	8165	5449	17835276	35670552
SRR5936106	28531	5951	5334	12070088	24140176
SRR5936107	46983	7977	4613	12866707	25733414
SRR5936108	18297	4856	3580	14284253	28568506
SRR5936109	40382	8595	5233	14839742	29679484
SRR5936110	28403	7706	5599	19490059	38980118
SRR5936111	20486	4561	3796	7679107	15358214
SRR5936113	32946	5516	7973	13087686	26175372
SRR5936114	25925	6335	4269	18870907	37741814
SRR5936115	32463	9172	5062	12417603	24835206
SRR5936117	22325	5550	4349	14511151	29022302
SRR5936118	26744	7195	5304	13856642	27713284
SRR5936119	12147	4441	3474	10188004	20376008
SRR5936121	30268	3946	3212	9415689	18831378
SRR5936123	30507	9614	5337	12463294	24926588
SRR5936125	111195	19180	9671	16479830	32959660
SRR5936126	26117	6591	5218	15602068	31204136
SRR5936127	72891	6447	10102	14557453	29114906
SRR5936128	9764	2767	1662	6728963	13457926
SRR5936129	6866	5157	2888	11962022	23924044
SRR5936131	38541	11163	9160	26412576	52825152
SRR5936132	48207	8791	5937	13209343	26418686
SRR5936133	23058	4167	2850	9900932	19801864
SRR5936134	88178	8331	5745	11306555	22613110
SRR5936135	29901	7951	4514	7830665	15661330
SRR5936140	21606	8322	4323	9591055	19182110
SRR5936143	26853	8208	5935	13863803	27727606
SRR5936145	16266	8394	5934	14486647	28973294
SRR5936147	23915	5905	3434	8994210	17988420
SRR5936149	14757	5186	3237	12434672	24869344
SRR5936150	21982	7047	3919	11868812	23737624
SRR5936151	13647	5053	3573	13383567	26767134
SRR5936153	10160	3059	2294	9471638	18943276
SRR5936154	8545	2687	3043	7312691	14625382
SRR5936156	15059	5435	6112	12061858	24123716
SRR5936159	25703	4918	4295	12662150	25324300
SRR5936160	11549	4994	2755	11870025	23740050
SRR5936161	23537	5297	4536	15172680	30345360
SRR5936163	11083	3561	2447	7533066	15066132
SRR5936168	21212	4457	3725	10601923	21203846
SRR5936169	85823	18345	8228	12153144	24306288
SRR5936170	36495	5930	4146	12875222	25750444
SRR5936171	40617	11148	7410	12924089	25848178
SRR5936176	22451	4632	3915	12879289	25758578
SRR5936177	55933	7158	4037	8612453	17224906
SRR5936178	11130	4237	2830	9507337	19014674
SRR5936181	18938	9587	5481	13724599	27449198
SRR5936182	5904	2374	1618	6345893	12691786
SRR5936185	18996	6045	4098	10107421	20214842
SRR5936186	127197	9489	6911	11444310	22888620
SRR5936189	26391	7286	3986	6072741	12145482
SRR5936195	25341	8150	7154	14476258	28952516
SRR5936196	57333	8089	6081	16592224	33184448
SRR5936198	15403	4704	2922	10391752	20783504
SRR5936199	91486	12959	8888	15607777	31215554
SRR5936201	44007	13198	9017	19789153	39578306
SRR5936203	18474	4826	12398	12705218	25410436
SRR5936204	26765	6866	4890	11938719	23877438
SRR5936206	22276	6258	3611	11358715	22717430
SRR5936207	132928	13081	10689	14831461	29662922
SRR5936210	67817	10059	5339	9363204	18726408
SRR5936212	36580	7195	6406	19683279	39366558
SRR5936213	20093	8838	5049	10341417	20682834
SRR5936214	16359	7244	4838	12380374	24760748
SRR5936215	22777	6176	4197	11115296	22230592
SRR5936216	9858	2782	2022	6992787	13985574
SRR5936217	34926	8719	10642	15436488	30872976
SRR5936218	25479	5759	3916	16210695	32421390
SRR5936219	13281	2809	2059	8074439	16148878
SRR5936221	119546	16713	11856	26281850	52563700
SRR5936222	116639	20970	13932	15389841	30779682
SRR5936223	6992	6038	6249	5966743	11933486
SRR5936224	21148	4965	3851	12756047	25512094
SRR5936225	13227	2643	2064	5969413	11938826
SRR5936226	28132	2861	2183	5228997	10457994
SRR5936227	20299	6668	4035	12839795	25679590
SRR5936230	94545	18477	8598	12512662	25025324
SRR5936231	77843	11941	8646	12311346	24622692
SRR5936232	13382	3189	1963	8230997	16461994
SRR5936235	17977	6320	3881	13949518	27899036
SRR5936236	10995	6686	3965	10485972	20971944
SRR5936238	13373	8593	6178	16213826	32427652
SRR5946605	18856	2131	1852	6513920	13027840
SRR5946606	17577	3770	2607	8293325	16586650
SRR5946607	102966	8960	9748	9911690	19823380
SRR5946608	28437	6232	4275	11116106	22232212
SRR5946609	24472	5878	4745	12508890	25017780
SRR5946610	129361	17631	9103	14579432	29158864
SRR5946612	14932	5399	4140	12154236	24308472
SRR5946613	39234	8114	5702	16561405	33122810
SRR5946616	16379	6312	3988	10215085	20430170
SRR5946617	31550	10502	5256	13181568	26363136
SRR5946619	3551	3084	1936	6118777	12237554
SRR5946620	14148	4654	3906	14907378	29814756
SRR5946621	43169	4645	5024	14297172	28594344
SRR5946622	8426	3166	5828	8146062	16292124
SRR5946623	15781	6147	4262	16036773	32073546
SRR5946625	23630	4713	3491	8429607	16859214
SRR5946626	63423	15825	14537	19050748	38101496
SRR5946628	24766	9975	6188	17894050	35788100
SRR5946633	18121	3513	2699	5067172	10134344
SRR5946634	28741	6077	4095	11200988	22401976
SRR5946636	10001	6125	2695	12189860	24379720
SRR5946637	62763	5633	4931	8627886	17255772
SRR5946641	23626	8507	5134	12003604	24007208
SRR5946642	30772	7427	4696	13149450	26298900
SRR5946643	20622	3855	2915	11236622	22473244
SRR5946644	12322	4929	3282	10889362	21778724
SRR5946646	32430	6724	4039	10300653	20601306
SRR5946648	7348	4553	3705	11609507	23219014
SRR5946649	22480	7046	4490	11511012	23022024
SRR5946650	14237	9595	7082	11210680	22421360
SRR5946651	32031	6917	5699	11245172	22490344
SRR5946652	37153	5064	6786	12096597	24193194
SRR5946653	17428	5453	3684	10804910	21609820
SRR5946658	24027	6904	11375	18149896	36299792
SRR5946659	13432	5252	4211	10542933	21085866
SRR5946662	8269	7109	3973	11032245	22064490
SRR5946664	90089	5835	5180	7559171	15118342
SRR5946665	24526	5080	3337	6412372	12824744
SRR5946666	18361	3450	2771	9362947	18725894
SRR5946667	27379	7302	8318	14383886	28767772
SRR5946668	248052	10139	9329	13776826	27553652
SRR5946669	25684	5783	10561	13456406	26912812
SRR5946670	45127	10041	6023	15757234	31514468
SRR5946671	47363	6334	4206	8329335	16658670
SRR5946674	15761	3055	1975	8746082	17492164
SRR5946676	79978	12257	7053	12141642	24283284
SRR5946677	14602	16927	15139	11816307	23632614
SRR5946678	23082	5571	4704	12304226	24608452
SRR5946680	26670	5693	3787	8331141	16662282
SRR5946681	26499	4200	3432	10249279	20498558
SRR5946682	52026	8493	7357	12570578	25141156
SRR5946683	31088	8602	6455	14201045	28402090
SRR5946684	9366	2572	1837	5858316	11716632
SRR5946685	14926	3311	2490	10719099	21438198
SRR5946686	153612	4930	3594	6560000	13120000
SRR5946687	17071	6036	3635	10920186	21840372
SRR5946689	26699	5462	3603	9098507	18197014
SRR5946690	13094	5809	3445	12263480	24526960
SRR5946692	44486	10666	7374	18654971	37309942
SRR5946696	22512	4260	4040	5879662	11759324
SRR5946699	30334	8571	6781	16445272	32890544
SRR5946701	25940	8628	5765	17679748	35359496
SRR5946702	48915	3695	4277	6823346	13646692
SRR5946704	47177	7203	4939	10952702	21905404
SRR5946712	44973	5621	4428	11323003	22646006
SRR5946716	31160	5001	3311	14809389	29618778
SRR5946717	20120	7893	3655	10774731	21549462
SRR5946721	80620	10622	8284	9880026	19760052
SRR5946722	39743	6267	4828	7942967	15885934
SRR5946724	29261	6349	3284	7504753	15009506
SRR5946727	25434	4545	3109	8250759	16501518
SRR5946729	12828	6663	4942	13120636	26241272
SRR5946730	28849	7123	4847	13134728	26269456
SRR5946731	21857	4982	4109	8394777	16789554
SRR5946732	21847	5269	2716	9868059	19736118
SRR5946733	69157	13471	7431	15448123	30896246
SRR5946736	15338	6688	4198	12092350	24184700
SRR5946737	10683	7583	6911	20184676	40369352
SRR5946738	10942	8367	3862	16676993	33353986
SRR5946739	36150	7377	4786	12790569	25581138
SRR5946740	17059	4262	2903	6608865	13217730
SRR5946742	43010	3629	3678	11634031	23268062
SRR5946744	69292	7709	5224	11462234	22924468
SRR5946745	31441	6015	3910	11375617	22751234
SRR5946746	22902	3671	2987	6876769	13753538
SRR5946747	71507	14009	9593	20268967	40537934
SRR5946748	22376	4046	3677	10816285	21632570
SRR5946749	12762	3719	2562	13208879	26417758
SRR5946751	33063	6772	4209	9959964	19919928
SRR5946754	11013	2662	1907	7842944	15685888
SRR5946756	38157	4894	4620	13536828	27073656
SRR5946757	23262	10916	7879	15482201	30964402
SRR5946759	25338	6918	4995	11494611	22989222
SRR5946760	53215	13138	8366	19690578	39381156
SRR5946765	25290	10146	7891	14305405	28610810
SRR5946766	21151	3675	3022	11131713	22263426
SRR5946767	19904	2921	1830	6336331	12672662
SRR5946768	20438	6318	3779	11117309	22234618
SRR5946770	8831	4444	2539	8646821	17293642
SRR5946772	11839	2611	2769	5379434	10758868
SRR5946774	98672	12869	6426	6702465	13404930
SRR5946775	6869	3661	2377	6789075	13578150
SRR5946776	36617	11660	7359	19083060	38166120
SRR5946777	29432	9193	8197	14478555	28957110
SRR5946778	16643	5696	4041	13487094	26974188
SRR5946779	18869	5436	3647	7567341	15134682
SRR5946780	30707	5117	3513	8865742	17731484
SRR5946782	16807	6664	5637	10075638	20151276
SRR5946784	30816	6582	4801	10145228	20290456
SRR5946785	24735	5211	3283	6317119	12634238
SRR5946786	15887	6853	5528	19704737	39409474
SRR5946787	22028	7465	7384	14349636	28699272
SRR5946788	27036	5803	3713	9640836	19281672
SRR5946789	17909	4466	3059	10243610	20487220
SRR5946790	23202	6167	5947	20273426	40546852
SRR5946791	60817	11683	7224	15747285	31494570
SRR5946792	23810	5761	3622	15608963	31217926
SRR5946793	27099	6431	4360	11858166	23716332
SRR5946794	14315	3840	2404	7547756	15095512
SRR5946795	73569	10871	6939	17031836	34063672
SRR5946796	30724	4581	3311	12858951	25717902
SRR5946798	37752	8435	15156	16830017	33660034
SRR5946800	21069	8577	5999	14209507	28419014
SRR5946801	8813	2991	2247	7103029	14206058
SRR5946802	14215	7553	4833	8597489	17194978
SRR5946804	31499	12455	7340	14844843	29689686
SRR5946805	33601	4610	3237	10173039	20346078
SRR5946806	45599	13308	5822	7752344	15504688
SRR5946807	73146	4559	4720	10402672	20805344
SRR5946808	27127	4434	3092	7983917	15967834
SRR5946809	32740	7283	3885	13670899	27341798
SRR5946810	74564	5287	4465	6503308	13006616
SRR5946811	33397	8485	5547	15104048	30208096
SRR5946814	26206	7440	4739	16514863	33029726
SRR5946815	33784	10722	7895	16395912	32791824
SRR5946817	27051	8475	5444	14730030	29460060
SRR5946818	63432	11020	7437	15174530	30349060
SRR5946820	21390	6205	4798	17572207	35144414
SRR5946821	129222	5098	6299	6744092	13488184
SRR5946823	31380	9312	6179	13319573	26639146
SRR5946826	4035	3293	1811	8274748	16549496
SRR5946827	42168	6577	3839	13537184	27074368
SRR5946829	15653	4347	4373	10514540	21029080
SRR5946830	17319	5403	3596	9151507	18303014
SRR5946832	23866	6560	6129	10415744	20831488
SRR5946833	34935	5246	3265	7960183	15920366
SRR5946834	21786	4387	4597	10115818	20231636
SRR5946836	9630	3301	2827	7301482	14602964
SRR5946838	32170	10614	7127	14511334	29022668
SRR5946839	11931	5089	3041	12608777	25217554
SRR5946840	12196	3741	2253	8630546	17261092
SRR5946842	27211	5376	3721	13921263	27842526
SRR5946844	26773	8935	4783	10113499	20226998
SRR5946845	9876	2926	1902	5781881	11563762
SRR5946846	47291	5751	8150	12570135	25140270
SRR5946847	40067	13125	7620	18091522	36183044
SRR5946849	9504	6168	3286	7828261	15656522
SRR5946850	10838	4178	3115	11792666	23585332
SRR5946851	31880	5982	4460	13332498	26664996
SRR5946852	69794	9822	6919	17408422	34816844
SRR5946853	5209	3169	1961	7160854	14321708
SRR5946854	19620	5594	3435	9030156	18060312
SRR5946857	29424	8036	6579	17049392	34098784
SRR5946858	16030	3331	2455	7267100	14534200
SRR5946859	49680	7845	5205	12719851	25439702
SRR5946860	10074	2095	1247	8064987	16129974
SRR5946861	32471	6885	4676	10920114	21840228
SRR5946865	26060	6306	5427	14186310	28372620
SRR5946866	34065	4341	3262	6259868	12519736
SRR5946867	92987	14795	9967	19559795	39119590
SRR5946868	9866	3118	1909	6276531	12553062
SRR5946869	15099	4163	3141	6973651	13947302
SRR5946870	22445	3846	3258	5288214	10576428
SRR5946871	10593	3241	2259	7930267	15860534
SRR5946872	26008	5244	3839	8570227	17140454
SRR5946873	13005	3039	2056	8879285	17758570
SRR5946874	10005	4118	3120	10690114	21380228
SRR5946875	65719	5039	4633	11525151	23050302
SRR5946876	58106	15615	9360	22452349	44904698
SRR5946877	11450	4051	2394	9222321	18444642
SRR5946878	15418	4222	2582	9459942	18919884
SRR5946880	22171	6899	6788	12307755	24615510
SRR5946881	56553	4170	3594	13721959	27443918
SRR5946882	40768	7262	5348	17568045	35136090
SRR5946883	58685	5775	6738	6868568	13737136
SRR5946884	22393	4118	5524	9295421	18590842
SRR5946888	51710	8319	5833	14609117	29218234
SRR5946891	22695	6856	3962	12101277	24202554
SRR5946892	51250	8303	5543	9429141	18858282
SRR5946893	40379	12346	7127	19052280	38104560
SRR5946898	29838	4144	2994	7714079	15428158
SRR5946899	67283	9452	6668	15418605	30837210
SRR5946900	96088	9574	8274	11398168	22796336
SRR5946901	7952	2790	1824	7741043	15482086
SRR5946904	22932	5071	2924	8576577	17153154
SRR5946905	55903	14157	10628	16311187	32622374
SRR5946906	37760	4573	2733	6110114	12220228
SRR5946907	21148	3646	2464	12181607	24363214
SRR5946909	23144	3714	2900	9680286	19360572
SRR5946910	50363	10503	7940	21677173	43354346
SRR5946911	22524	5041	8300	12671070	25342140
SRR5946912	24015	4974	3910	11229273	22458546
SRR5946914	45292	5574	3921	9046775	18093550
SRR5946915	12224	3136	2171	8669197	17338394
SRR5946916	10945	3800	6697	9751975	19503950
SRR5946918	28121	4850	6848	11111413	22222826
SRR5946920	14914	3510	2336	6470058	12940116
SRR5946921	50155	10636	6903	14526125	29052250
SRR5946924	49362	8598	6227	16463302	32926604
SRR5946927	47988	6659	5572	9099515	18199030
SRR5946929	40874	8900	7706	8412122	16824244
SRR5946930	32801	9637	5844	15361593	30723186
SRR5946931	22787	8715	5294	17353605	34707210
SRR5946932	20153	3640	2437	9580767	19161534
SRR5946933	8532	4717	3675	12001003	24002006
SRR5946934	6929	3378	2271	5781040	11562080
SRR5946935	74889	7534	7587	9242543	18485086
SRR5946936	20432	2966	2176	8750782	17501564
SRR5946937	17151	3107	2672	6014507	12029014
SRR5946938	13939	4242	3459	10741474	21482948
SRR5946939	24187	5578	4126	13237939	26475878
SRR5946940	9876	4440	2870	11323248	22646496
SRR5946942	39294	5626	5531	9314042	18628084
SRR5946943	32185	4855	3374	13376554	26753108
SRR5946944	17594	3656	2559	7438200	14876400
SRR5946945	38488	3571	3471	10612414	21224828
SRR5946946	23598	5989	3763	12028913	24057826
SRR5946947	10306	3623	2887	8901759	17803518
SRR5946948	47091	3185	2900	5410186	10820372
SRR5946949	11258	3308	2300	4924496	9848992
SRR5946950	28058	2160	1686	5277636	10555272
SRR5946951	12695	4214	2864	9425922	18851844
SRR5946952	27985	6031	3828	7174082	14348164
SRR5946954	22475	5349	3390	9320249	18640498
SRR5946958	59299	9664	5778	12477200	24954400
SRR5946959	23143	7261	4807	13214245	26428490
SRR5946961	53633	9060	6840	15041445	30082890
SRR5946965	24711	3610	3428	7715908	15431816
SRR5946967	6849	3190	2090	6151846	12303692
SRR5946968	57781	7665	5185	7615511	15231022
SRR5946970	71759	6829	5374	8546555	17093110
SRR5946972	51606	8684	4791	13478735	26957470
SRR5946973	128431	4896	4876	7189135	14378270
SRR5946974	23894	3915	2393	5997495	11994990
SRR5946975	62415	9671	6871	16234511	32469022
SRR5946976	61725	9191	5846	13574396	27148792
SRR5946978	11913	5183	5822	11089383	22178766
SRR5946979	33956	5185	3999	12662844	25325688
SRR5946980	32032	8412	4898	12710026	25420052
SRR5946981	46251	8027	6479	14193669	28387338
SRR5946984	18987	4282	3643	10064603	20129206
SRR5946985	40773	11703	7739	20417920	40835840
SRR5946986	27749	12248	6785	12089233	24178466
SRR5946987	58657	8560	6072	8560714	17121428
SRR5946988	20619	4482	3063	9238446	18476892
SRR5946989	32418	8569	5138	15680945	31361890
SRR5946990	41003	9844	6841	18554194	37108388
SRR5946991	7724	2871	1828	7769092	15538184
SRR5946992	20977	5090	3976	9309084	18618168
SRR5946993	45524	12825	7773	23788802	47577604
SRR5946995	50944	4936	5938	12556271	25112542
SRR5946999	16445	4981	3150	10269403	20538806
SRR5947000	35097	7419	5741	19171981	38343962
SRR5947001	13675	3881	2807	10273274	20546548
SRR5947002	24931	4375	3325	8767470	17534940
SRR5947004	62650	7969	5295	10235652	20471304
SRR5947005	58068	5641	3830	11184046	22368092
SRR5947006	88653	7658	6320	14642644	29285288
SRR5947007	131330	14232	12486	14742183	29484366
SRR5947010	16210	6752	5086	14916080	29832160
SRR5947011	41578	11181	8280	15609786	31219572
SRR5947012	8938	2472	1785	6256158	12512316
SRR5947013	25724	5855	3583	9991044	19982088
SRR5947015	25216	5163	4322	14986060	29972120
SRR5947017	39269	8076	5494	14868645	29737290
SRR5947019	34732	6162	5067	13003836	26007672
SRR5947020	12835	3639	3196	8824597	17649194
SRR5947021	59396	7703	4610	10325421	20650842
SRR5947022	29492	5660	3524	9004696	18009392
SRR5947023	22140	5972	3658	8860911	17721822
SRR5947026	49676	10794	7834	13967075	27934150
SRR5947029	10060	4413	3382	12116409	24232818
SRR5947030	18158	4062	2987	10942912	21885824
SRR5947031	20329	4184	3471	7240589	14481178
SRR5947032	36131	4355	2881	7424598	14849196
SRR5947033	8518	2283	1885	7606995	15213990
SRR5947035	37452	8750	4082	7481747	14963494
SRR5947036	14698	3915	2579	8507095	17014190
SRR5947037	7445	4394	2791	8909169	17818338
SRR5947039	61217	4451	4769	12939341	25878682
SRR5947040	38517	4202	5777	5135766	10271532
SRR5947041	13435	4003	2849	9155982	18311964
SRR5947042	11954	2115	1396	5177700	10355400
SRR5947043	12335	4878	2982	10059704	20119408
SRR5947044	32941	3528	3304	10995469	21990938
SRR5947046	38072	6892	4959	12589747	25179494
SRR5947049	6142	2352	1657	6712817	13425634
SRR5947050	124362	6146	7953	9654620	19309240
SRR5947051	26871	6717	5658	13374456	26748912
SRR5947052	32638	5441	4296	9365378	18730756
SRR5947053	64521	3678	3075	6805051	13610102
SRR5947055	62876	10520	7112	14406831	28813662
SRR5947058	19703	4591	3923	11138309	22276618
SRR5947059	16689	4954	3661	7783842	15567684
SRR5947061	69454	6020	5383	7100206	14200412
SRR5947062	15064	6867	4694	9632168	19264336
SRR5947063	10245	4136	2820	11721599	23443198
SRR5947066	24736	4079	3161	6481495	12962990
SRR5947069	39217	2804	1906	5490077	10980154
SRR5947070	11161	4515	4623	12582851	25165702
SRR5947073	117506	2806	2608	4804474	9608948
SRR5947074	8357	3781	2666	9185332	18370664
SRR5947077	95650	8916	6217	10569169	21138338
SRR5947078	80872	15041	9408	18359900	36719800
SRR5947079	10302	9527	6250	9469325	18938650
SRR5947085	5669	4667	2824	8360221	16720442
SRR5947086	14729	4073	2749	10405964	20811928
SRR5947088	7690	2650	1910	8943915	17887830
SRR5947089	14535	5978	4776	13377484	26754968
SRR5947090	322529	15142	10890	15547786	31095572
SRR5947091	21259	7154	4568	15439361	30878722
SRR5947092	51240	8234	4821	11749872	23499744
SRR5947095	186681	15653	11783	15721491	31442982
SRR5947096	16760	4466	3552	12521272	25042544
SRR5947097	24051	6071	5501	16071902	32143804
SRR5947098	28637	4685	4582	10923632	21847264
SRR5947100	25246	6418	8605	13613529	27227058
SRR5947101	11404	4860	3411	12256823	24513646
SRR5947102	16249	2146	1589	6982717	13965434
SRR5947104	24450	5574	4197	10111493	20222986
SRR5947807	32265	8830	5830	17311027	34622054
SRR5947808	18298	8457	10529	18656374	37312748
SRR5947809	167846	6672	8865	14845950	29691900
SRR5947810	76380	9891	6136	15858073	31716146
SRR5947811	9408	6383	4067	10061810	20123620
SRR5947812	87177	4682	5000	10283676	20567352
SRR5947813	52699	8012	5972	16945549	33891098
SRR5947814	14614	3080	1927	6959144	13918288
SRR5947815	29422	9998	4812	12208481	24416962
SRR5947816	17659	4815	3466	10909872	21819744
SRR5947817	46370	9437	5613	17129452	34258904
SRR5947818	857	223	160	813253	1626506
SRR5947819	268	38	26	297801	595602
SRR5947820	81335	16266	9046	24069890	48139780
SRR5947821	106534	8588	6699	14620133	29240266
SRR5947822	25464	9690	8473	21863766	43727532
SRR5947823	51287	14703	14649	23956971	47913942
SRR5947824	9642	3005	2584	7060233	14120466
SRR5947825	1062	186	192	499037	998074
SRR5947826	15666	4797	3537	12819991	25639982
SRR5947827	40780	12341	7002	16225333	32450666
SRR5947828	10451	2244	1252	3367902	6735804
SRR5947829	20539	6587	4441	13111713	26223426
SRR5947830	18941	2432	1962	8006409	16012818
SRR5947831	22398	6446	4892	10811257	21622514
SRR5947832	8940	2949	2229	9270683	18541366
SRR5947833	4751	1400	958	3015854	6031708
SRR5947834	6805	2347	1875	4736091	9472182
SRR5947835	61723	11703	6270	17352854	34705708
SRR5947836	12544	9316	5562	15062633	30125266
SRR5947837	1485	268	225	727384	1454768
SRR5947838	24941	4121	3039	9446323	18892646
SRR5947839	2947	1994	1352	3734169	7468338
SRR5947840	40520	15971	9567	18274343	36548686
SRR5947841	11266	9868	5982	15913157	31826314
SRR5947842	28326	7732	4322	8428888	16857776
SRR5947843	7311	1871	1218	2248152	4496304
SRR5947844	7408	2094	1109	3728576	7457152
SRR5947845	13145	5592	3586	9947509	19895018
SRR5947846	38226	9644	4915	11780693	23561386
SRR5947847	61608	11438	5294	10346828	20693656
SRR5947848	21760	7180	4468	16430242	32860484
SRR5947849	33688	6789	7426	11849296	23698592
SRR5947850	35675	11146	6675	14891330	29782660
SRR5947851	21127	5862	4935	14685365	29370730
SRR5947852	21098	7072	5590	19582769	39165538
SRR5947853	9451	6387	3748	12627186	25254372
SRR5947854	17223	6317	4263	18697567	37395134
SRR5947855	19957	15331	8732	22303608	44607216
SRR5947856	5217	880	573	1774773	3549546
SRR5947857	23735	8639	5442	18023729	36047458
SRR5947858	14183	5858	3970	13946063	27892126
SRR5947859	20708	8674	6570	16189951	32379902
SRR5947860	24467	8194	6509	13384949	26769898
SRR5947861	1817	676	476	1590071	3180142
SRR5947862	27825	9480	5604	12354276	24708552
SRR5947863	10081	5706	3478	12506225	25012450
SRR5947864	22337	6057	3291	7243526	14487052
SRR5947865	93464	13576	9351	17026090	34052180
SRR5947866	22411	8691	5946	22627926	45255852
SRR5947867	17355	5805	4487	15281024	30562048
SRR5947868	23881	7188	6090	17285297	34570594
SRR5947869	32415	10107	6545	16341461	32682922
SRR5947870	24306	6814	3738	11589939	23179878
SRR5947871	33728	11448	5956	16451673	32903346
SRR5947872	59174	4050	3587	11709439	23418878
SRR5947873	16416	6763	4438	15979232	31958464
SRR5947874	34213	10141	6960	9925058	19850116
SRR5947875	10820	4585	5277	8600985	17201970
SRR5947876	28586	4889	6487	13295013	26590026
SRR5947877	11307	5461	3224	10063378	20126756
SRR5947878	37864	7019	6450	15967417	31934834
SRR5947879	19395	4565	3241	9127874	18255748
SRR5947880	43944	14418	9129	21905306	43810612
SRR5947881	6644	983	692	2721404	5442808
SRR5947882	22465	7442	6127	22793420	45586840
SRR5947883	9287	4614	3234	13646520	27293040
SRR5947884	32042	11474	7494	18426161	36852322
SRR5983264	7504	3077	2643	8298966	16597932
SRR5983265	137351	12944	9473	24500050	49000100
SRR5983266	15094	5574	3269	13214435	26428870
SRR5983267	12603	9418	11555	27908359	55816718
SRR5983268	60654	11297	9673	11233025	22466050
SRR5983269	23101	6652	4715	14346669	28693338
SRR5983270	23976	10954	4154	12286727	24573454
SRR5983271	20329	5673	3361	12170267	24340534
SRR5983272	24440	7208	4265	13355974	26711948
SRR5983273	3474	1140	1058	1954913	3909826
SRR5983274	10328	5151	2977	9390026	18780052
SRR5983275	11921	1735	1248	3642075	7284150
SRR5983276	27383	6256	4142	9720684	19441368
SRR5983277	8735	3837	6476	11957237	23914474
SRR5983278	12994	3347	2515	10618970	21237940
SRR5983279	10607	2515	1664	4658781	9317562
SRR5983280	55375	4242	3029	7020710	14041420
SRR5983281	4805	918	753	890596	1781192
SRR5983282	14111	4689	2858	7401053	14802106
SRR5983283	3167	1055	817	848887	1697774
SRR5983284	21416	8758	5842	13904741	27809482
SRR5983285	27568	4595	3252	8715682	17431364
SRR5983286	13062	4500	3077	12373398	24746796
SRR5983287	26905	2452	1985	5593561	11187122
SRR5983288	7204	2339	1792	5937873	11875746
SRR5983289	7101	1535	1232	1318013	2636026
SRR5983291	6334	2557	1702	5065462	10130924
SRR5983292	1205	173	121	509808	1019616
SRR5983293	10179	3660	2550	9861910	19723820
SRR5983294	22641	4620	6257	7010807	14021614
SRR5983295	66992	7266	5995	12400546	24801092
SRR5983296	15591	7935	6172	10643221	21286442
SRR5983297	20338	4793	5351	12039802	24079604
SRR5983298	18035	4277	3200	11288407	22576814
SRR5983299	26378	7891	5140	12150884	24301768
SRR5983300	16529	4836	4876	11224001	22448002
SRR5983301	28804	5924	5543	14334002	28668004
SRR5983302	31528	4883	3581	9599040	19198080
SRR5983303	34436	8259	8304	16887269	33774538
SRR5983304	15082	3641	3029	7956433	15912866
SRR5983306	21305	5661	4453	14614792	29229584
SRR5983307	19648	8296	3567	9011968	18023936
SRR5983308	5766	5427	6833	10897591	21795182
SRR5983309	42012	10303	6865	19024216	38048432
SRR5983310	31207	6069	4717	14813666	29627332
SRR5983311	105346	7565	6850	12369474	24738948
SRR5983312	43496	6916	7140	13059969	26119938
SRR5983313	53323	8923	6880	25609323	51218646
SRR5983314	1740	688	892	1485569	2971138
SRR5983315	14989	6176	3534	11298059	22596118
SRR5983316	6694	1612	948	2622954	5245908
SRR5983317	36324	6424	5108	10191651	20383302
SRR5983318	6470	5110	4225	14558120	29116240
SRR5983319	40374	6079	3988	11561278	23122556
SRR5983320	10796	3765	2782	7396968	14793936
SRR5983321	4792	5547	1747	1839730	3679460
SRR5983323	46642	4334	3278	7234928	14469856
SRR5983324	15353	3290	2632	9566795	19133590
SRR5983325	14659	4849	3576	11929381	23858762
SRR5983326	28100	7439	5562	19580416	39160832
SRR5983327	85664	12233	22578	19576041	39152082
SRR5983328	55549	8574	5314	15544973	31089946
SRR5983329	42705	7345	5112	12918056	25836112
SRR5983330	43205	7967	4723	13389262	26778524
SRR5983331	14312	3093	1994	5340139	10680278
SRR5983332	26113	7387	4261	12077840	24155680
SRR5983333	10121	3047	2238	8091787	16183574
SRR5983334	12730	5398	3829	15500603	31001206
SRR5983335	37424	7055	5822	13482058	26964116
SRR5983337	14113	5750	4732	17487705	34975410
SRR5983338	29737	8945	5520	13218543	26437086
SRR5983339	3127	1608	1000	3263337	6526674
SRR5983340	24115	4250	3202	13659656	27319312
SRR5983341	24625	835	1173	1794418	3588836
SRR5983342	15682	2370	1230	3513563	7027126
SRR5983343	19378	5089	3870	14577127	29154254
SRR5983344	16578	5889	4274	16460852	32921704
SRR5983345	20850	6510	3663	10072770	20145540
SRR5983346	14114	5788	3653	13381496	26762992
SRR5983347	43670	13020	7749	15592245	31184490
SRR5983348	17204	5572	2894	6243018	12486036
SRR5983349	42345	2492	2100	7307422	14614844
SRR5983350	10608	2079	1358	3446470	6892940
SRR5983351	20819	3782	2766	7297241	14594482
SRR5983352	7639	4069	3107	11019453	22038906
SRR5983353	6133	799	685	1986220	3972440
SRR5983354	8475	2662	1855	7679619	15359238
SRR5983355	20916	3175	2695	6283892	12567784
SRR5983356	5544	1841	1123	3652633	7305266
SRR5983357	11731	3786	2395	9486040	18972080
SRR5983359	19331	4880	2995	12474550	24949100
SRR5983360	15185	8081	5387	17470943	34941886
SRR5983361	9131	1957	1261	3338881	6677762
SRR5983362	45702	11576	6157	15882716	31765432
SRR5983363	41433	10506	6936	13564260	27128520
SRR5983364	4753	777	721	1772083	3544166
SRR5983365	6873	1509	1162	3897655	7795310
SRR5983366	2044	707	441	1310475	2620950
SRR5983367	25302	8334	5116	16645503	33291006
SRR5983368	7341	5056	3955	9391672	18783344
SRR5983369	32266	9052	5410	15737201	31474402
SRR5983372	22243	4312	4380	8709497	17418994
SRR5983374	4321	1894	1397	4714219	9428438
SRR5983376	16801	3474	3048	6224827	12449654
SRR5983377	6755	1791	2276	3761668	7523336
SRR5983378	21671	5266	3283	13599482	27198964
SRR5983379	21111	5259	3124	11675697	23351394
SRR5983380	84561	9534	9730	11860666	23721332
SRR5983381	8123	3753	2763	12865783	25731566
SRR5983382	2875	1565	1062	3318750	6637500
SRR5983383	4711	1440	939	2784365	5568730
SRR5983384	12109	3197	2546	9824701	19649402
SRR5983385	12993	754	777	1619630	3239260
SRR5983386	10301	3228	1892	7892345	15784690
SRR5983387	19899	11278	7134	26531217	53062434
SRR5983388	8519	3748	2608	11112166	22224332
SRR5983389	8028	8234	4990	17682332	35364664
SRR5983390	39435	7120	5190	12229490	24458980
SRR5983391	28537	8612	11549	21208691	42417382
SRR5983392	22668	6736	4452	19253156	38506312
SRR5983393	7663	4874	3654	14801878	29603756
SRR5983394	20900	6024	4843	18231442	36462884
SRR5983395	29021	10116	9597	19431258	38862516
SRR5983396	11294	5740	3592	11158452	22316904
SRR5983397	45079	3496	3207	5826947	11653894
SRR5983398	49135	6989	4052	12023090	24046180
SRR5983399	19093	3451	2171	7263496	14526992
SRR5983400	20905	5739	4030	13019434	26038868
SRR5983401	48307	4758	3315	9324742	18649484
SRR5983402	27524	5539	3892	8894033	17788066
SRR5983403	40753	5149	3869	7589175	15178350
SRR5983404	14604	3525	2449	8286429	16572858
SRR5983405	21702	4745	3908	9562171	19124342
SRR5983406	6044	1086	796	2066715	4133430
SRR5983407	8491	2897	2188	8516692	17033384
SRR5983408	6114	2368	1499	6313481	12626962
SRR5983409	20429	5337	4156	13857276	27714552
SRR5983411	104441	17573	10596	14494921	28989842
SRR5983412	20029	3501	2543	7887308	15774616
SRR5983413	12144	4469	2876	10324077	20648154
SRR5983414	16541	6602	4641	15597226	31194452
SRR5983415	20238	6579	5028	18074899	36149798
SRR5983416	15081	7416	4311	14954507	29909014
SRR5983417	15919	951	1038	1927225	3854450
SRR5983418	29525	7491	4195	9365460	18730920
SRR5983419	89416	5919	6017	11235758	22471516
SRR5983420	9242	4265	2726	6179536	12359072
SRR5983421	15995	4117	2589	9080493	18160986
SRR5983422	9512	3568	2275	9477430	18954860
SRR5983423	211	61	75	297090	594180
SRR5983424	13921	3025	2457	5447761	10895522
SRR5983425	21993	3895	2730	7183818	14367636
SRR5983426	1253	353	303	795757	1591514
SRR5983427	19879	4011	2941	8999888	17999776
SRR5983428	26064	9616	6606	15101657	30203314
SRR5983429	50343	8995	5684	18676904	37353808
SRR5983430	22374	5522	3431	13016864	26033728
SRR5983431	5843	1213	746	2090853	4181706
SRR5983432	27149	6252	3990	11418557	22837114
SRR5983433	14488	3823	2388	8089279	16178558
SRR5983434	8728	4023	2745	5274758	10549516
SRR5983435	23244	5970	4444	11008786	22017572
SRR5983436	7586	2383	1571	9409374	18818748
SRR5983437	85099	6694	5274	11811339	23622678
SRR5983438	93848	5441	5746	12920110	25840220
SRR5983439	13225	4076	2857	12063232	24126464
SRR5983440	38525	5339	4024	8098855	16197710
SRR5983441	27681	5786	4805	15046317	30092634
SRR5983442	2289	395	335	1026641	2053282
SRR5983443	21774	1782	1641	3020432	6040864
SRR5983444	18187	5210	3341	10954707	21909414
SRR5983445	36079	2655	2332	5466109	10932218
SRR5983446	20122	4450	3027	15056064	30112128
SRR5983447	56704	6862	4644	12700174	25400348
SRR5983448	96587	5242	4812	10632636	21265272
SRR5983449	55716	11909	7072	22454214	44908428
SRR5983450	17123	5609	4045	12064253	24128506
SRR5983451	47501	7845	5268	10306894	20613788
SRR5983459	36680	2276	2016	6093194	12186388
SRR5983462	24517	5708	3123	8570651	17141302
SRR5983463	107316	15155	9456	19905413	39810826
SRR5983464	9611	4121	2227	5815694	11631388
SRR5983465	2095	305	165	471157	942314
SRR5983466	18834	3596	2460	6799784	13599568
SRR5983467	10548	2360	2547	4930240	9860480
SRR5983468	21688	7613	4185	12997019	25994038
SRR5983469	22274	5929	3947	14575970	29151940
SRR5983470	16734	1894	1174	3137536	6275072
SRR5983471	13980	5205	4328	15187638	30375276
SRR5983472	55305	10410	9049	14433961	28867922
SRR5983473	25452	11373	7405	19454263	38908526
SRR5983474	10851	3523	2451	10239890	20479780
SRR5983475	8667	3572	2467	10138197	20276394
SRR5983476	19675	5229	2863	7416339	14832678
SRR5983477	71646	13571	7232	14976404	29952808
SRR5983478	24678	9208	5654	16756062	33512124
SRR5983479	24887	4719	4166	4732738	9465476
SRR5983480	50134	9000	6052	14136621	28273242
SRR5983481	25068	6178	7705	15852053	31704106
SRR5983484	489	267	191	475344	950688
SRR6504843	15010	7603	7705	8953864	17907728
SRR6504844	54834	22029	23194	25614022	51228044
SRR6504845	143633	32890	40635	24177923	48355846
SRR6504846	131994	26328	32776	30631717	61263434
SRR6504847	41610	20291	20941	19896172	39792344
SRR6504848	27053	12178	14298	22662876	45325752
SRR6504849	68250	9578	11117	9497558	18995116
SRR6504850	48405	20567	18704	22434234	44868468
SRR6504851	48602	14924	20835	27616772	55233544
SRR6504852	49688	14828	17124	26400995	52801990
SRR6504853	61569	21230	27032	22497444	44994888
SRR6504854	57724	29160	40127	44221138	88442276
SRR6504855	47112	8937	13763	25683077	51366154
SRR6504856	39519	18861	18698	21156051	42312102
SRR6504857	763891	12857	19300	23378328	46756656
SRR6504858	88390	30939	44040	41287100	82574200
SRR6504859	46090	13588	7836	8160474	16320948
SRR6504860	65892	66201	45090	35989457	71978914
SRR6504861	35384	12975	12132	12138495	24276990
SRR6504862	20088	15538	18731	22589209	45178418
SRR6504863	90077	56988	64350	15819991	31639982
SRR6504864	41859	10737	13451	20738572	41477144
SRR6504865	51028	21333	26656	28268657	56537314
SRR6504866	42760	14922	11754	17281964	34563928
SRR6504867	13631	4190	6239	3755517	7511034
SRR6504868	49048	12907	16903	20692104	41384208
SRR6504869	25703	18188	20146	20361879	40723758
SRR6504870	188143	50773	84009	34075127	68150254
SRR6504871	25175	6540	7807	8235782	16471564
SRR6504872	143200	17085	33634	16755216	33510432
SRR6504873	157333	30355	34008	42603026	85206052
SRR6504874	48710	10371	15323	18543866	37087732
SRR6504875	14677	7130	9881	25461095	50922190
SRR6504876	144407	18395	18457	24423675	48847350
SRR6504877	38171	8797	15332	8440996	16881992
SRR6504878	49095	30878	29389	20571552	41143104
SRR6504879	12838	5352	5977	6853556	13707112
SRR6504880	104505	26406	30637	29570720	59141440
SRR6504881	35831	34159	29257	32348905	64697810
SRR6504882	7700	1039	1131	2185503	4371006
SRR6504883	106133	27769	32328	27364510	54729020
SRR6504884	97830	26324	22520	29329121	58658242
SRR6504885	30848	16619	23286	24135846	48271692
SRR6504886	119605	27163	31914	32346064	64692128
SRR6504887	117166	18082	29687	37530788	75061576
SRR6504888	86546	21920	40320	27491932	54983864
SRR6504889	33480	18660	23676	27077111	54154222
SRR6504890	109087	20248	26500	26114589	52229178
SRR6504891	16909	10435	8303	15264177	30528354
SRR6504892	67101	26654	25986	21038824	42077648
SRR6504893	21055	25256	23879	21465040	42930080
SRR6504894	74242	29240	26524	30390278	60780556
SRR6504895	69188	45372	46774	36345414	72690828
SRR6504896	49579	17443	18582	23228836	46457672
SRR6504897	34446	10920	12100	20919902	41839804
SRR6504898	45979	17712	17830	26653996	53307992
SRR6504899	60573	24304	36442	22056945	44113890
SRR6504900	323077	62043	51850	20515550	41031100
SRR6504901	15201	6973	6773	8140633	16281266
SRR6504902	189162	26714	40713	34282982	68565964
SRR6504903	87510	33278	33706	42621849	85243698
SRR6504904	44695	18007	22242	32162143	64324286
SRR6504905	75068	29702	38202	40289391	80578782
SRR6504906	28031	20984	22682	31748375	63496750
SRR6504907	73635	19733	26217	48544198	97088396
SRR6504908	74314	20777	18897	22404739	44809478
SRR6504909	18892	7210	12196	6677251	13354502
SRR6504910	33391	13229	14416	12619504	25239008
SRR6504911	63297	28183	35582	21234604	42469208
SRR6504912	9841	2603	3436	5946589	11893178
SRR6504913	9128	9684	3072	3912933	7825866
SRR6504914	34028	8245	10920	15421433	30842866
SRR6504915	25806	9597	8593	6640683	13281366
SRR6504916	191111	24655	20939	36251553	72503106
SRR6504917	71971	18676	20160	30963732	61927464
SRR6504918	81232	22071	21090	27557701	55115402
SRR6504919	14490	4547	7296	1499996	2999992
SRR6504920	75204	21109	22480	24692082	49384164
SRR6504921	28964	9360	13401	15118442	30236884
SRR6504922	79981	23885	20872	21614896	43229792
SRR6504923	75895	24365	25974	36688806	73377612
